{
	"characters.interview": {
		"sounds": [
			{
				"name": "characters/interview",
				"preload": true
			}
		]
	},
	"characters.follow-me": {
		"sounds": [
			{
				"name": "characters/follow-me",
				"preload": true
			}
		]
	},
	"characters.test-run": {
		"sounds": [
			{
				"name": "characters/test-run",
				"preload": true
			}
		]
	},
	"characters.nice-job": {
		"sounds": [
			{
				"name": "characters/nice-job",
				"preload": true
			}
		]
	},
	"characters.presentation": {
		"sounds": [
			{
				"name": "characters/presentation",
				"preload": true
			}
		]
	},
	"characters.security": {
		"sounds": [
			{
				"name": "characters/security",
				"preload": true
			}
		]
	},
	"sfx.audience": {
		"sounds": [
			{
				"name": "sfx/audience",
				"preload": true
			}
		]
	},
	"sfx.audience-fadein": {
		"sounds": [
			{
				"name": "sfx/audience-fadein",
				"preload": true
			}
		]
	},
	"music.welcome-to-folio": {
		"sounds": [
			{
				"name": "music/welcome-to-folio",
				"preload": true
			}
		]
	},
	"music.stronger-than-gravity": {
		"sounds": [
			{
				"name": "music/stronger-than-gravity",
				"preload": true
			}
		]
	},
	"music.ground-level": {
		"sounds": [
			{
				"name": "music/ground-level",
				"preload": true
			}
		]
	},
	"music.out-of-order": {
		"sounds": [
			{
				"name": "music/out-of-order",
				"preload": true
			}
		]
	},
	"music.out-of-order-slowing": {
		"sounds": [
			{
				"name": "music/out-of-order-slowing",
				"preload": true
			}
		]
	},
	"music.out-of-order-slow": {
		"sounds": [
			{
				"name": "music/out-of-order-slow",
				"preload": true
			}
		]
	},
	"music.out-of-order-speeding": {
		"sounds": [
			{
				"name": "music/out-of-order-speeding",
				"preload": true
			}
		]
	},
	"music.sneaking-around": {
		"sounds": [
			{
				"name": "music/sneaking-around",
				"preload": true
			}
		]
	},
	"music.floating-away-start": {
		"sounds": [
			{
				"name": "music/floating-away-start",
				"preload": true
			}
		]
	},
	"music.floating-away-hall": {
		"sounds": [
			{
				"name": "music/floating-away-hall",
				"preload": true
			}
		]
	},
	"music.floating-away-vents": {
		"sounds": [
			{
				"name": "music/floating-away-vents",
				"preload": true
			}
		]
	},
	"music.floating-away-corridors-1": {
		"sounds": [
			{
				"name": "music/floating-away-corridors-1",
				"preload": true
			}
		]
	},
	"music.floating-away-underground": {
		"sounds": [
			{
				"name": "music/floating-away-underground",
				"preload": true
			}
		]
	},
	"music.floating-away-corridor-3": {
		"sounds": [
			{
				"name": "music/floating-away-corridor-3",
				"preload": true
			}
		]
	},
	"music.floating-away-quartz": {
		"sounds": [
			{
				"name": "music/floating-away-quartz",
				"preload": true
			}
		]
	},
	"music.floating-away-quartz-slowing": {
		"sounds": [
			{
				"name": "music/floating-away-quartz-slowing",
				"preload": true
			}
		]
	},
	"music.floating-away-quartz-speeding": {
		"sounds": [
			{
				"name": "music/floating-away-quartz-speeding",
				"preload": true
			}
		]
	},
	"music.floating-away-ending": {
		"sounds": [
			{
				"name": "music/floating-away-ending",
				"preload": true
			}
		]
	}
}