{
    "parent": "item/generated",
    "textures": {
	    "layer0": "item/black_candle"
    },
    "overrides": [
		{ "predicate": { "custom_model_data": 1}, "model": "item/character/guard-still" },
		{ "predicate": { "custom_model_data": 2}, "model": "item/character/guard-walk-left-partial" },
		{ "predicate": { "custom_model_data": 3}, "model": "item/character/guard-walk-left-full" },
		{ "predicate": { "custom_model_data": 4}, "model": "item/character/guard-walk-right-partial" },
		{ "predicate": { "custom_model_data": 5}, "model": "item/character/guard-walk-right-full" },
		{ "predicate": { "custom_model_data": 6}, "model": "item/character/guard-hold-walk-left-partial" },
		{ "predicate": { "custom_model_data": 7}, "model": "item/character/guard-hold-walk-left-full" },
		{ "predicate": { "custom_model_data": 8}, "model": "item/character/guard-hold-walk-right-partial" },
		{ "predicate": { "custom_model_data": 9}, "model": "item/character/guard-hold-walk-right-full" }
    ]
}