{
	"credit": "Made with Blockbench",
	"texture_size": [32, 32],
	"textures": {
		"1": "item/keycard-on-texture",
		"particle": "item/keycard-on-texture"
	},
	"elements": [
		{
			"from": [5, 0, 14],
			"to": [11, 11, 16],
			"faces": {
				"north": {"uv": [0, 0, 3, 5.5], "texture": "#1"},
				"east": {"uv": [0, 5.5, 1, 11], "texture": "#1"},
				"south": {"uv": [3, 0, 6, 5.5], "texture": "#1"},
				"west": {"uv": [1, 5.5, 2, 11], "texture": "#1"},
				"up": {"uv": [5, 6.5, 2, 5.5], "texture": "#1"},
				"down": {"uv": [8, 5.5, 5, 6.5], "texture": "#1"}
			}
		}
	]
}