{
	"credit": "Made with Blockbench",
	"texture_size": [32, 32],
	"textures": {
		"1": "item/base-texture",
		"particle": "item/base-texture"
	},
	"elements": [
		{
			"from": [3, 0, 6],
			"to": [13, 0.1, 11],
			"faces": {
				"north": {"uv": [0, 5, 5, 5.5], "texture": "#1"},
				"east": {"uv": [2, 6, 4.5, 6.5], "texture": "#1"},
				"south": {"uv": [5, 0, 10, 0.5], "texture": "#1"},
				"west": {"uv": [4.5, 6, 7, 6.5], "texture": "#1"},
				"up": {"uv": [5, 2.5, 0, 0], "texture": "#1"},
				"down": {"uv": [5, 2.5, 0, 5], "texture": "#1"}
			}
		},
		{
			"from": [2, 0, 5],
			"to": [3, 1, 12],
			"faces": {
				"north": {"uv": [2, 6.5, 2.5, 7], "texture": "#1"},
				"east": {"uv": [5, 4.5, 8.5, 5], "texture": "#1"},
				"south": {"uv": [2.5, 6.5, 3, 7], "texture": "#1"},
				"west": {"uv": [5, 5, 8.5, 5.5], "texture": "#1"},
				"up": {"uv": [0.5, 9, 0, 5.5], "texture": "#1"},
				"down": {"uv": [1, 5.5, 0.5, 9], "texture": "#1"}
			}
		},
		{
			"from": [13, 0, 5],
			"to": [14, 1, 12],
			"faces": {
				"north": {"uv": [3, 6.5, 3.5, 7], "texture": "#1"},
				"east": {"uv": [1, 5.5, 4.5, 6], "texture": "#1"},
				"south": {"uv": [3.5, 6.5, 4, 7], "texture": "#1"},
				"west": {"uv": [4.5, 5.5, 8, 6], "texture": "#1"},
				"up": {"uv": [1.5, 9.5, 1, 6], "texture": "#1"},
				"down": {"uv": [2, 6, 1.5, 9.5], "texture": "#1"}
			}
		},
		{
			"from": [3, 0, 5],
			"to": [13, 1, 6],
			"faces": {
				"north": {"uv": [5, 0.5, 10, 1], "texture": "#1"},
				"east": {"uv": [4, 6.5, 4.5, 7], "texture": "#1"},
				"south": {"uv": [5, 1, 10, 1.5], "texture": "#1"},
				"west": {"uv": [4.5, 6.5, 5, 7], "texture": "#1"},
				"up": {"uv": [10, 2, 5, 1.5], "texture": "#1"},
				"down": {"uv": [10, 2, 5, 2.5], "texture": "#1"}
			}
		},
		{
			"from": [3, 0, 11],
			"to": [13, 1, 12],
			"faces": {
				"north": {"uv": [5, 2.5, 10, 3], "texture": "#1"},
				"east": {"uv": [5, 6.5, 5.5, 7], "texture": "#1"},
				"south": {"uv": [5, 3, 10, 3.5], "texture": "#1"},
				"west": {"uv": [5.5, 6.5, 6, 7], "texture": "#1"},
				"up": {"uv": [10, 4, 5, 3.5], "texture": "#1"},
				"down": {"uv": [10, 4, 5, 4.5], "texture": "#1"}
			}
		}
	],
	"display": {
		"thirdperson_righthand": {
			"rotation": [180, 180, -90],
			"translation": [-7, 3.25, 0],
			"scale": [0.6, 0.6, 0.6]
		},
		"thirdperson_lefthand": {
			"rotation": [0, 90, -12],
			"translation": [0, 8.25, 0]
		},
		"firstperson_lefthand": {
			"rotation": [0, 74, 85],
			"translation": [1.5, 5.5, 4]
		},
		"ground": {
			"translation": [0, 5, 0]
		},
		"gui": {
			"rotation": [73, 58, 16],
			"translation": [-1, 0.75, 0],
			"scale": [1.1, 1, 1.1]
		}
	}
}