{
	"credit": "Made with Blockbench",
	"texture_size": [32, 32],
	"textures": {
		"1": "item/merged-texture",
		"particle": "item/merged-texture"
	},
	"elements": [
		{
			"from": [3, 0, 6],
			"to": [13, 0.1, 11],
			"faces": {
				"north": {"uv": [0, 5, 5, 5.5], "texture": "#1"},
				"east": {"uv": [2, 6, 4.5, 6.5], "texture": "#1"},
				"south": {"uv": [5, 0, 10, 0.5], "texture": "#1"},
				"west": {"uv": [4.5, 6, 7, 6.5], "texture": "#1"},
				"up": {"uv": [5, 2.5, 0, 0], "texture": "#1"},
				"down": {"uv": [5, 2.5, 0, 5], "texture": "#1"}
			}
		},
		{
			"from": [7, 0.1, 10],
			"to": [8, 0.2, 11],
			"faces": {
				"north": {"uv": [9, 5.5, 9.5, 6], "texture": "#1"},
				"east": {"uv": [6, 9, 6.5, 9.5], "texture": "#1"},
				"south": {"uv": [9, 6, 9.5, 6.5], "texture": "#1"},
				"west": {"uv": [6.5, 9, 7, 9.5], "texture": "#1"},
				"up": {"uv": [9.5, 7, 9, 6.5], "texture": "#1"},
				"down": {"uv": [7.5, 9, 7, 9.5], "texture": "#1"}
			}
		},
		{
			"from": [6, 0.1, 9],
			"to": [7, 0.2, 10],
			"faces": {
				"north": {"uv": [4, 9, 4.5, 9.5], "texture": "#1"},
				"east": {"uv": [4.5, 9, 5, 9.5], "texture": "#1"},
				"south": {"uv": [9, 4.5, 9.5, 5], "texture": "#1"},
				"west": {"uv": [5, 9, 5.5, 9.5], "texture": "#1"},
				"up": {"uv": [9.5, 5.5, 9, 5], "texture": "#1"},
				"down": {"uv": [6, 9, 5.5, 9.5], "texture": "#1"}
			}
		},
		{
			"from": [6, 0.1, 7],
			"to": [7, 0.2, 8],
			"faces": {
				"north": {"uv": [0, 9, 0.5, 9.5], "texture": "#1"},
				"east": {"uv": [0.5, 9, 1, 9.5], "texture": "#1"},
				"south": {"uv": [2, 9, 2.5, 9.5], "texture": "#1"},
				"west": {"uv": [2.5, 9, 3, 9.5], "texture": "#1"},
				"up": {"uv": [3.5, 9.5, 3, 9], "texture": "#1"},
				"down": {"uv": [4, 9, 3.5, 9.5], "texture": "#1"}
			}
		},
		{
			"from": [7, 0.1, 6],
			"to": [8, 0.2, 7],
			"faces": {
				"north": {"uv": [8.5, 7, 9, 7.5], "texture": "#1"},
				"east": {"uv": [7.5, 8.5, 8, 9], "texture": "#1"},
				"south": {"uv": [8.5, 7.5, 9, 8], "texture": "#1"},
				"west": {"uv": [8, 8.5, 8.5, 9], "texture": "#1"},
				"up": {"uv": [9, 8.5, 8.5, 8], "texture": "#1"},
				"down": {"uv": [9, 8.5, 8.5, 9], "texture": "#1"}
			}
		},
		{
			"from": [9, 0.1, 6],
			"to": [10, 0.2, 7],
			"faces": {
				"north": {"uv": [8.5, 5.5, 9, 6], "texture": "#1"},
				"east": {"uv": [6, 8.5, 6.5, 9], "texture": "#1"},
				"south": {"uv": [8.5, 6, 9, 6.5], "texture": "#1"},
				"west": {"uv": [6.5, 8.5, 7, 9], "texture": "#1"},
				"up": {"uv": [9, 7, 8.5, 6.5], "texture": "#1"},
				"down": {"uv": [7.5, 8.5, 7, 9], "texture": "#1"}
			}
		},
		{
			"from": [10, 0.1, 7],
			"to": [11, 0.2, 8],
			"faces": {
				"north": {"uv": [4, 8.5, 4.5, 9], "texture": "#1"},
				"east": {"uv": [4.5, 8.5, 5, 9], "texture": "#1"},
				"south": {"uv": [8.5, 4.5, 9, 5], "texture": "#1"},
				"west": {"uv": [5, 8.5, 5.5, 9], "texture": "#1"},
				"up": {"uv": [9, 5.5, 8.5, 5], "texture": "#1"},
				"down": {"uv": [6, 8.5, 5.5, 9], "texture": "#1"}
			}
		},
		{
			"from": [10, 0.1, 9],
			"to": [11, 0.2, 10],
			"faces": {
				"north": {"uv": [8, 7.5, 8.5, 8], "texture": "#1"},
				"east": {"uv": [8, 8, 8.5, 8.5], "texture": "#1"},
				"south": {"uv": [2, 8.5, 2.5, 9], "texture": "#1"},
				"west": {"uv": [2.5, 8.5, 3, 9], "texture": "#1"},
				"up": {"uv": [3.5, 9, 3, 8.5], "texture": "#1"},
				"down": {"uv": [4, 8.5, 3.5, 9], "texture": "#1"}
			}
		},
		{
			"from": [9, 0.1, 8],
			"to": [10, 0.7, 9],
			"faces": {
				"north": {"uv": [6, 8, 6.5, 8.5], "texture": "#1"},
				"east": {"uv": [6.5, 8, 7, 8.5], "texture": "#1"},
				"south": {"uv": [8, 6.5, 8.5, 7], "texture": "#1"},
				"west": {"uv": [7, 8, 7.5, 8.5], "texture": "#1"},
				"up": {"uv": [8.5, 7.5, 8, 7], "texture": "#1"},
				"down": {"uv": [8, 8, 7.5, 8.5], "texture": "#1"}
			}
		},
		{
			"from": [7, 0.1, 8],
			"to": [8, 0.7, 9],
			"faces": {
				"north": {"uv": [3.5, 8, 4, 8.5], "texture": "#1"},
				"east": {"uv": [4, 8, 4.5, 8.5], "texture": "#1"},
				"south": {"uv": [4.5, 8, 5, 8.5], "texture": "#1"},
				"west": {"uv": [5, 8, 5.5, 8.5], "texture": "#1"},
				"up": {"uv": [6, 8.5, 5.5, 8], "texture": "#1"},
				"down": {"uv": [8.5, 5.5, 8, 6], "texture": "#1"}
			}
		},
		{
			"from": [7, 0.1, 9],
			"to": [10, 0.7, 10],
			"faces": {
				"north": {"uv": [2, 7, 3.5, 7.5], "texture": "#1"},
				"east": {"uv": [2.5, 8, 3, 8.5], "texture": "#1"},
				"south": {"uv": [3.5, 7, 5, 7.5], "texture": "#1"},
				"west": {"uv": [3, 8, 3.5, 8.5], "texture": "#1"},
				"up": {"uv": [6.5, 7.5, 5, 7], "texture": "#1"},
				"down": {"uv": [8.5, 6, 7, 6.5], "texture": "#1"}
			}
		},
		{
			"from": [7, 0.1, 7],
			"to": [10, 0.7, 8],
			"faces": {
				"north": {"uv": [2, 6.5, 3.5, 7], "texture": "#1"},
				"east": {"uv": [7.5, 7.5, 8, 8], "texture": "#1"},
				"south": {"uv": [3.5, 6.5, 5, 7], "texture": "#1"},
				"west": {"uv": [2, 8, 2.5, 8.5], "texture": "#1"},
				"up": {"uv": [6.5, 7, 5, 6.5], "texture": "#1"},
				"down": {"uv": [8, 6.5, 6.5, 7], "texture": "#1"}
			}
		},
		{
			"from": [9, 0.1, 10],
			"to": [10, 0.2, 11],
			"faces": {
				"north": {"uv": [5, 7.5, 5.5, 8], "texture": "#1"},
				"east": {"uv": [5.5, 7.5, 6, 8], "texture": "#1"},
				"south": {"uv": [6, 7.5, 6.5, 8], "texture": "#1"},
				"west": {"uv": [6.5, 7.5, 7, 8], "texture": "#1"},
				"up": {"uv": [7.5, 8, 7, 7.5], "texture": "#1"},
				"down": {"uv": [8, 7, 7.5, 7.5], "texture": "#1"}
			}
		},
		{
			"from": [2, 0, 5],
			"to": [3, 1, 12],
			"faces": {
				"north": {"uv": [6.5, 7, 7, 7.5], "texture": "#1"},
				"east": {"uv": [5, 4.5, 8.5, 5], "texture": "#1"},
				"south": {"uv": [7, 7, 7.5, 7.5], "texture": "#1"},
				"west": {"uv": [5, 5, 8.5, 5.5], "texture": "#1"},
				"up": {"uv": [0.5, 9, 0, 5.5], "texture": "#1"},
				"down": {"uv": [1, 5.5, 0.5, 9], "texture": "#1"}
			}
		},
		{
			"from": [3, 0, 5],
			"to": [13, 1, 6],
			"faces": {
				"north": {"uv": [5, 0.5, 10, 1], "texture": "#1"},
				"east": {"uv": [2, 7.5, 2.5, 8], "texture": "#1"},
				"south": {"uv": [5, 1, 10, 1.5], "texture": "#1"},
				"west": {"uv": [2.5, 7.5, 3, 8], "texture": "#1"},
				"up": {"uv": [10, 2, 5, 1.5], "texture": "#1"},
				"down": {"uv": [10, 2, 5, 2.5], "texture": "#1"}
			}
		},
		{
			"from": [3, 0, 11],
			"to": [13, 1, 12],
			"faces": {
				"north": {"uv": [5, 2.5, 10, 3], "texture": "#1"},
				"east": {"uv": [3, 7.5, 3.5, 8], "texture": "#1"},
				"south": {"uv": [5, 3, 10, 3.5], "texture": "#1"},
				"west": {"uv": [3.5, 7.5, 4, 8], "texture": "#1"},
				"up": {"uv": [10, 4, 5, 3.5], "texture": "#1"},
				"down": {"uv": [10, 4, 5, 4.5], "texture": "#1"}
			}
		},
		{
			"from": [13, 0, 5],
			"to": [14, 1, 12],
			"faces": {
				"north": {"uv": [4, 7.5, 4.5, 8], "texture": "#1"},
				"east": {"uv": [1, 5.5, 4.5, 6], "texture": "#1"},
				"south": {"uv": [4.5, 7.5, 5, 8], "texture": "#1"},
				"west": {"uv": [4.5, 5.5, 8, 6], "texture": "#1"},
				"up": {"uv": [1.5, 9.5, 1, 6], "texture": "#1"},
				"down": {"uv": [2, 6, 1.5, 9.5], "texture": "#1"}
			}
		}
	],
	"display": {
		"thirdperson_lefthand": {
			"rotation": [0, 90, -12],
			"translation": [0, 8.25, 0]
		},
		"firstperson_lefthand": {
			"rotation": [0, 74, 85],
			"translation": [1.5, 5.5, 4]
		},
		"gui": {
			"rotation": [73, 58, 16],
			"translation": [-1, 0.75, 0],
			"scale": [1.1, 1, 1.1]
		}
	}
}